הון רשום למסחר,,,,,,
נכון ל- 01/06/2017,,,,,,
,,,,,,
שם,סימול,"מס' ני""ע","ממ""מ",אחוז החזקות הציבור למדד,"מועד עדכון ממ""מ אחרון","שינוי בממ""מ מיום קודם"
אאורה,אאורה,373019,145617551,20%,07/05/2017,ללא שינוי
אבגול,אבגל,1100957,293746084,35%,07/05/2017,ללא שינוי
אבגול     אגח ב,אבגל.ק2,1126317,,,,
אבגול     אגח ג,אבגל.ק3,1133289,,,,
אבוג'ן,אבגן,1105055,25657809,100%,07/05/2017,ללא שינוי
אביב בניה,אביב,444018,13248470,10%,07/05/2017,ללא שינוי
אביליטי,אביל,1137256,25774141,35%,07/05/2017,ללא שינוי
אברבוך,אברבך,675017,8420792,25%,07/05/2017,ללא שינוי
אגוד,אגוד,722314,73583024,25%,07/05/2017,ללא שינוי
אגוד הנ שה נד 1,אגהנ.ק1,1115278,,,,
אגוד הנפ  אגח ו,אגדהנ.ק6,1126762,,,,
אגוד הנפ  אגח ז,אגדהנ.ק7,1131762,,,,
אגוד הנפ  אגח ח,אגדהנ.ק8,1133503,,,,
אגוד הנפ  אגח ט,אגדהנ.ק9,1139492,,,,
אגוד הנפ התח יח,אגדה.ק18,1121854,,,,
אגוד הנפ התח יט,אגדה.ק19,1124080,,,,
אדגר,אדגר,1820083,114836924,25%,07/05/2017,ללא שינוי
אדגר      אגח ז,אדגר.ק7,1820158,,,,
אדגר      אגח ח,אדגר.ק8,1820174,,,,
אדגר      אגח ט,אדגר.ק9,1820190,,,,
אדמה אגח ב,אדמה.ק2,1110915,,,,
או.אר.טי,ארטכ,1086230,5704988,45%,07/05/2017,ללא שינוי
אוברסיז,אובר,1139617,54502850,60%,07/05/2017,ללא שינוי
אודיוקודס,אודק,1082965,31439671,80%,07/05/2017,ללא שינוי
אול-יר    אגח ב,אליר.ק2,1139781,,,,
אול-יר    אגח ג,אליר.ק3,1140136,,,,
אופטיבייס,אובס,1135516,5172361,25%,07/05/2017,ללא שינוי
אופל בלאנס,אופל,1094986,77291368,20%,07/05/2017,ללא שינוי
אופקו הלת',אפקו,1129543,557466719,80%,07/05/2017,ללא שינוי
אורביט,ארביט,265017,10705559,60%,07/05/2017,ללא שינוי
אורד,אורד,1104496,59596005,25%,07/05/2017,ללא שינוי
אורון קבוצה,אורנ,1135706,65125150,25%,07/05/2017,ללא שינוי
אוריין,אורן,1103506,13050490,45%,07/05/2017,ללא שינוי
אורמת טכנו,ארמת,1134402,49706450,80%,07/05/2017,ללא שינוי
אזורים,אזרם,715011,210540327,45%,07/05/2017,ללא שינוי
אזורים    אגח 9,אזרם.ק9,7150337,,,,
אזורים   אגח 10,אזרם.ק10,7150345,,,,
אטראו שוקי הון,אטרא,1096106,14723520,60%,07/05/2017,ללא שינוי
איאסאראר,אסרר,365015,25522656,10%,07/05/2017,ללא שינוי
איביאי בית השק,אבא,175018,12660304,10%,07/05/2017,ללא שינוי
אייאיאס,איאס,431015,4937797,35%,07/05/2017,ללא שינוי
איידיאו,אדו,505016,28316145,60%,07/05/2017,ללא שינוי
איידיאו   אגח ז,אדו.ק7,5050240,,,,
איידיאו   אגח ח,אדו.ק8,5050265,,,,
איידיאיי ביטוח,אדבט,1129501,14674913,60%,07/05/2017,ללא שינוי
איילון,אילון,209015,14161900,10%,07/05/2017,ללא שינוי
אילקס מדיקל,אילקס,1080753,10035000,25%,07/05/2017,ללא שינוי
אינטק פארמ,אנטקפ,1117795,13737829,100%,07/05/2017,ללא שינוי
אינטר תעשיות,אנתע,1080928,9287104,45%,07/05/2017,ללא שינוי
אינטרגאמא,אנטר,174011,1932759,10%,07/05/2017,ללא שינוי
אינטרנט זהב,אנזהב,1083443,19203186,45%,07/05/2017,ללא שינוי
אינטרנט זהבאגחג,אנזהב.ק3,1120880,,,,
אינטרנט זהבאגחד,אנזהב.ק4,1131614,,,,
אינפימר,אנפר,1080688,2045934,20%,07/05/2017,ללא שינוי
אינרום,אנרם,1132356,108814860,80%,07/05/2017,ללא שינוי
איסתא,אסתא,1081074,11800000,35%,07/05/2017,ללא שינוי
איתמר,אתמר,1102458,263631194,45%,07/05/2017,ללא שינוי
אל על,אלעל,1087824,495719135,60%,07/05/2017,ללא שינוי
אלביט הדמיה,אלבהד,1081116,9190808,80%,07/05/2017,ללא שינוי
אלביט מערכ אגחא,אלבמע.ק1,1119635,,,,
אלביט מערכות,אלבמע,1081124,42748304,60%,07/05/2017,ללא שינוי
אלבר     אגח טו,אלבר.ק15,1138536,,,,
אלבר     אגח טז,אלבר.ק16,1139823,,,,
אלבר     אגח יג,אלבר.ק13,1127588,,,,
אלבר     אגח יד,אלבר.ק14,1132562,,,,
אלגומייזר,אלמו,744011,19255435,80%,07/05/2017,ללא שינוי
אלדן תחבו אגח א,אלדת.ק1,1134840,,,,
אלדן תחבו אגח ב,אלדת.ק2,1138254,,,,
אלוט תקשורת,אלטת,1099654,33873719,100%,07/05/2017,ללא שינוי
אלומיי,אלומ,1082635,10677595,25%,07/05/2017,ללא שינוי
אלון גז,אלגז,1117688,14037937,20%,07/05/2017,ללא שינוי
אלון רבוע אגח ד,אלרכ.ק4,1139583,,,,
אלוני חץ,אלחץ,390013,155261180,80%,07/05/2017,ללא שינוי
אלוני חץ  אגח ו,אלחץ.ק6,3900206,,,,
אלוני חץ  אגח ח,אלחץ.ק8,3900271,,,,
אלוני חץ  אגח ט,אלחץ.ק9,3900354,,,,
אלוני חץ  אגח י,אלחץ.ק10,3900362,,,,
אליום מדיקל,אלמד,1101450,52943467,60%,07/05/2017,ללא שינוי
אלספק,אלספק,1090364,19303336,60%,07/05/2017,ללא שינוי
אלקו,אלקו,694034,27602023,45%,07/05/2017,ללא שינוי
אלקו     אגח יא,אלקו.ק11,6940167,,,,
אלקטרה,אלקטה,739037,3584624,60%,07/05/2017,ללא שינוי
אלקטרה    אגח ג,אלקטה.ק3,7390131,,,,
אלקטרה    אגח ד,אלקטה.ק4,7390149,,,,
אלקטרה נדלן,אלקנד,1094044,56409988,45%,07/05/2017,ללא שינוי
אלקטרה נדלןאגחד,אלקנד.ק4,1121227,,,,
אלקטרה צריכה,אמצ,5010129,21632257,60%,07/05/2017,ללא שינוי
אלרוב נדלן,אלרנד,387019,24731030,35%,07/05/2017,ללא שינוי
אלרוב נדלן אגחב,אלרנ.ק2,3870094,,,,
אלרוב נדלן אגחד,אלרנ.ק4,3870128,,,,
אלרון,אלרון,749077,29743767,60%,07/05/2017,ללא שינוי
אמ.די.ג'י אגח א,אמדג.ק1,1136415,,,,
אמ.די.ג'י אגח ב,אמדג.ק2,1140557,,,,
אמות,אמות,1097278,310309499,45%,07/05/2017,ללא שינוי
אמות      אגח א,אמות.ק1,1097385,,,,
אמות      אגח ב,אמות.ק2,1126630,,,,
אמות      אגח ג,אמות.ק3,1117357,,,,
אמות      אגח ד,אמות.ק4,1133149,,,,
אמות      אגח ה,אמות.ק5,1138114,,,,
אמיליה פיתוח,אמפת,589010,8683268,10%,07/05/2017,ללא שינוי
אמנת,אמנת,654012,6652410,45%,07/05/2017,ללא שינוי
אמת,אמת,382010,44319287,35%,07/05/2017,ללא שינוי
אנגל שלמה,אנגלש,180018,5360000,25%,07/05/2017,ללא שינוי
אנלייט אנרגיה,אנלט,720011,475650725,80%,07/05/2017,ללא שינוי
אנליסט,אנלסט,1080613,10934892,35%,07/05/2017,ללא שינוי
אנרג'יקס,אנרג,1123355,357293550,25%,07/05/2017,ללא שינוי
אסאר אקורד,אסאק,422014,11869499,10%,07/05/2017,ללא שינוי
אספן גרופ,אסגר,313015,58327987,60%,07/05/2017,ללא שינוי
אספן גרופ אגח ו,אסגר.ק6,3130291,,,,
אפקון החזקות,אפהח,578013,4580037,45%,07/05/2017,ללא שינוי
אפריקה,אפרק,611012,205542733,60%,07/05/2017,ללא שינוי
אפריקה מג אגח ג,אפמג.ק3,1135698,,,,
אפריקה מגורים,אפמג,1097948,12641334,25%,07/05/2017,ללא שינוי
אפריקה נכס אגחה,אפנכ.ק5,1122233,,,,
אפריקה נכס אגחו,אפנכ.ק6,1129550,,,,
אפריקה נכס אגחז,אפנכ.ק7,1132232,,,,
אפריקה נכסים,אפנכ,1091354,28494034,45%,07/05/2017,ללא שינוי
אפריקה תעשיות,אפתש,800011,1580931,25%,07/05/2017,ללא שינוי
אקויטל,אקטל,755017,16376065,60%,07/05/2017,ללא שינוי
אקסטל     אגח א,אקסטד.ק1,1132299,,,,
אקסטל     אגח ב,אקסטד.ק2,1135367,,,,
אקסלנז,אקסנ,1104868,25492237,20%,07/05/2017,ללא שינוי
ארד,ארד,1091651,24730728,35%,07/05/2017,ללא שינוי
ארית תעשיות,ארית,587014,96594687,60%,07/05/2017,ללא שינוי
ארן,ארן,1085265,4885641,45%,07/05/2017,ללא שינוי
ארפורט    אגח ג,ארפט.ק3,1122670,,,,
ארפורט    אגח ד,ארפט.ק4,1130426,,,,
ארפורט    אגח ה,ארפט.ק5,1133487,,,,
ארפורט    אגח ז,ארפט.ק7,1140110,,,,
ארפורט סיטי,ארפט,1095835,107887337,60%,07/05/2017,ללא שינוי
ארקו החזקות,ארקו,310011,740436795,35%,07/05/2017,ללא שינוי
אשדר,אשדר,1104314,203249255,20%,07/05/2017,ללא שינוי
אשדר      אגח א,אשדר.ק1,1104330,,,,
אשדר      אגח ד,אשדר.ק4,1135607,,,,
אשטרום נכ אגח 7,אשנכ.ק7,2510139,,,,
אשטרום נכ אגח 8,אשנכ.ק8,2510162,,,,
אשטרום נכ אגח 9,אשנכ.ק9,2510170,,,,
אשטרום נכסים,אשנכ,251017,79223123,35%,07/05/2017,ללא שינוי
אשטרום קב אגח א,אשקב.ק1,1132323,,,,
אשטרום קב אגח ב,אשקב.ק2,1132331,,,,
אשטרום קב אגח ג,אשקב.ק3,1140102,,,,
אשטרום קבוצה,אשקב,1132315,82587598,20%,07/05/2017,ללא שינוי
ב.יאיר,ביאר,1097229,6252507,10%,07/05/2017,ללא שינוי
בבילון,בביל,1101666,51452271,60%,07/05/2017,ללא שינוי
בונוס ביוגרופ,בונס,485011,793385018,45%,07/05/2017,ללא שינוי
בזן,בזן,2590248,3197347363,60%,07/05/2017,ללא שינוי
בזן       אגח א,בזן.ק1,2590255,,,,
בזן       אגח ד,בזן.ק4,2590362,,,,
בזן       אגח ה,בזן.ק5,2590388,,,,
בזן       אגח ו,בזן.ק6,2590396,,,,
בזן       אגח ז,בזן.ק7,2590438,,,,
בזק,בזק,230011,2765485753,80%,07/05/2017,ללא שינוי
בזק       אגח 6,בזק.ק6,2300143,,,,
בזק       אגח 7,בזק.ק7,2300150,,,,
בזק       אגח 9,בזק.ק9,2300176,,,,
בזק      אגח 10,בזק.ק10,2300184,,,,
בי קומיונק אגחב,בקומ.ק2,1120872,,,,
בי קומיונק אגחג,בקומ.ק3,1139203,,,,
בי קומיונקיישנס,בקומ,1107663,29889045,45%,07/05/2017,ללא שינוי
ביג,ביג,1097260,13612664,35%,07/05/2017,ללא שינוי
ביג       אגח ג,ביג.ק3,1106947,,,,
ביג       אגח ד,ביג.ק4,1118033,,,,
ביג       אגח ה,ביג.ק5,1129279,,,,
ביג       אגח ז,ביג.ק7,1136084,,,,
ביג       אגח ח,ביג.ק8,1138924,,,,
ביו ויו,בויו,1096049,13953635,80%,07/05/2017,ללא שינוי
ביוטיים,ביטמ,1136365,109873718,80%,07/05/2017,ללא שינוי
ביוליין,ביול,1101518,95605963,80%,07/05/2017,ללא שינוי
ביונדווקס,בנדק,1105204,175524839,100%,07/05/2017,ללא שינוי
ביטוח ישיר,בטשר,1083682,49391182,20%,07/05/2017,ללא שינוי
בינל הנפק אגח ח,בנהנ.ק8,1134212,,,,
בינל הנפק אגח ט,בנהנ.ק9,1135177,,,,
בינל הנפק התח כ,בנהנ.ק20,1121953,,,,
בינל הנפק התחכא,בנהנ.ק21,1126598,,,,
בינלאומי,בנלמ,593038,100330040,60%,07/05/2017,ללא שינוי
בירמן,ברמן,530014,10999781,20%,07/05/2017,ללא שינוי
בית הזהב,בזהב,235010,14867585,45%,07/05/2017,ללא שינוי
בית שמש,מנבש,1081561,6750000,45%,07/05/2017,ללא שינוי
בראק אן וי,ברקא,1121607,7211359,60%,07/05/2017,ללא שינוי
בראק אן וי אגחב,ברקא.ק2,1128347,,,,
בריינסוויי,ברינ,1100718,14715784,80%,07/05/2017,ללא שינוי
בריל,בריל,399014,6032544,60%,07/05/2017,ללא שינוי
ברימאג,ברמג,1094283,10394378,45%,07/05/2017,ללא שינוי
ברם תעשיות,ברם,1094515,20381023,45%,07/05/2017,ללא שינוי
ברן,ברן,286013,10080844,45%,07/05/2017,ללא שינוי
ברנד,ברנד,536011,15232541,35%,07/05/2017,ללא שינוי
גאון קבוצה,גנקב,454017,46276520,20%,07/05/2017,ללא שינוי
גב ים,גבים,759019,2006235,45%,07/05/2017,ללא שינוי
גב ים     אגח ו,גבים.ק6,7590128,,,,
גבאי התחדש. עיר,גבהע,1116177,21975886,80%,07/05/2017,ללא שינוי
גולד,גולד,149013,4053672,10%,07/05/2017,ללא שינוי
גולן פלסטיק,גלפל,1091933,26331980,35%,07/05/2017,ללא שינוי
גולף,גולף,1096148,40299990,45%,07/05/2017,ללא שינוי
גזית גלוב,גלוב,126011,195550414,60%,07/05/2017,ללא שינוי
גזית גלוב אגח ג,גלוב.ק3,1260306,,,,
גזית גלוב אגח ד,גלוב.ק4,1260397,,,,
גזית גלוב אגח ה,גלוב.ק5,1260421,,,,
גזית גלוב אגח ט,גלוב.ק9,1260462,,,,
גזית גלוב אגח י,גלוב.ק10,1260488,,,,
גזית גלוב אגחיא,גלוב.ק11,1260546,,,,
גזית גלוב אגחיב,גלוב.ק12,1260603,,,,
ג'י.אף.אי אגח א,גיאפ.ק1,1134915,,,,
ג'י.אף.אי אגח ב,גיאפ.ק2,1140540,,,,
גילת,גילת,1082510,54708867,60%,07/05/2017,ללא שינוי
גליל 5903,גלל5903,9590332,,,,
גליל 5904,גלל5904,9590431,,,,
גמאטרוניק,גמטק,1080522,3626662,25%,07/05/2017,ללא שינוי
גן שמואל,גנשמ,532010,15842352,25%,07/05/2017,ללא שינוי
גניגר,גנגר,1095892,15179767,45%,07/05/2017,ללא שינוי
דה זראסאי אגח א,דזרס.ק1,1127901,,,,
דה זראסאי אגח ב,דזרס.ק2,1131028,,,,
דה זראסאי אגח ג,דזרס.ק3,1137975,,,,
דה לסר    אגח ד,דלסר.ק4,1132059,,,,
דה לסר    אגח ה,דלסר.ק5,1135664,,,,
דוניץ,דונץ,400010,5117575,45%,07/05/2017,ללא שינוי
דור אלון,דראל,1093202,15877822,25%,07/05/2017,ללא שינוי
דור אלון  אגח ה,דראל.ק5,1136761,,,,
דור אלון  אגח ו,דראל.ק6,1140656,,,,
דורסל,דרסל,1096676,22333464,20%,07/05/2017,ללא שינוי
די.אן.איי ביומד,דאנא,1103852,117051070,80%,07/05/2017,ללא שינוי
דיסק השק  אגח ו,דסקש.ק6,6390207,,,,
דיסק השק  אגח ט,דסקש.ק9,6390249,,,,
דיסק התח נד   י,דסקט.ק10,6910129,,,,
דיסק התח נד  יא,דסקט.ק11,6910137,,,,
דיסק מנ שה נד 1,דסקמנ.ט1,7480098,,,,
דיסקונט       א,דסקנט,691212,1164016993,100%,07/05/2017,ללא שינוי
דיסקונט השקעות,דסקש,639013,150566982,20%,07/05/2017,ללא שינוי
דיסקונט מנ הת ב,דסקמנ.ק2,7480023,,,,
דיסקונט מנ הת ד,דסקמנ.ק4,7480049,,,,
דיסקונט מנ הת ה,דסקמנ.ק5,7480031,,,,
דלק אנרגיה,דלקאנ,565010,5143529,10%,07/05/2017,ללא שינוי
דלק קב   אגח יג,דלקב.ק13,1105543,,,,
דלק קב   אגח יד,דלקב.ק14,1115062,,,,
דלק קב   אגח יח,דלקב.ק18,1115823,,,,
דלק קב   אגח יט,דלקב.ק19,1121326,,,,
דלק קב   אגח כב,דלקב.ק22,1106046,,,,
דלק קב   אגח לא,דלקב.ק31,1134790,,,,
דלק קבוצה,דלקקב,1084128,11983595,35%,07/05/2017,ללא שינוי
דלק קידוחים יהש,דלקד,475020,546966871,35%,07/05/2017,ללא שינוי
דלק קידוחיםאגחא,דלקד.ק1,4750089,,,,
דלק רכב,דלקרכ,829010,93200959,45%,07/05/2017,ללא שינוי
דלשה קפיטל אגחב,דלשה.ק2,1137314,,,,
דלתא,דלתא,627034,25356097,45%,07/05/2017,ללא שינוי
דלתא      אגח א,דלתא.ק1,6270144,,,,
דלתא      אגח ב,דלתא.ק2,6270151,,,,
דמרי,דמרי,1090315,17935205,35%,07/05/2017,ללא שינוי
דמרי      אגח ו,דמרי.ק6,1136936,,,,
דנאל כא,דנלכא,314013,4851116,100%,07/05/2017,ללא שינוי
דקסיה הנ אגח  י,דקהנ.ק10,1134147,,,,
דקסיה הנ אגח יא,דקהנ.ק11,1134154,,,,
דקסיה הנפ אגח ב,דקהנ.ק2,1095066,,,,
דקסיה הנפ אגח ז,דקהנ.ק7,1119825,,,,
דקסיה ישראל,דקסאל,711010,752831,35%,07/05/2017,ללא שינוי
דרבן      אגח ד,דרבן.ק4,4110094,,,,
הוט       אגח א,הוט.ק1,1123256,,,,
הוט       אגח ב,הוט.ק2,1123264,,,,
הזדמנות יהש,הזיש,1119924,37317133,80%,07/05/2017,ללא שינוי
הכשרת הישוב,הכשרה,612010,28275977,25%,07/05/2017,ללא שינוי
הכשרת ישוב אג17,הכשר.ק17,6120182,,,,
הכשרת ישוב אג18,הכשר.ק18,6120190,,,,
הכשרת ישוב אג20,הכשר.ק20,6120216,,,,
המלט,המלט,1080324,13974241,45%,07/05/2017,ללא שינוי
המשביר 365,משהח,1104959,149646687,35%,07/05/2017,ללא שינוי
הפניקס,פנקס,767012,249799220,20%,07/05/2017,ללא שינוי
הפניקס    אגח 2,פנקס.ק2,7670177,,,,
הראל הנפ אגח יא,הרהנ.ק11,1136316,,,,
הראל הנפ אגח יב,הרהנ.ק12,1138163,,,,
הראל הנפ אגח יג,הרהנ.ק13,1138171,,,,
הראל הנפק אגח ד,הרהנ.ק4,1119213,,,,
הראל הנפק אגח ה,הרהנ.ק5,1119221,,,,
הראל הנפק אגח ו,הרהנ.ק6,1126069,,,,
הראל הנפק אגח ז,הרהנ.ק7,1126077,,,,
הראל הנפק אגח ח,הרהנ.ק8,1128875,,,,
הראל הנפק אגח ט,הרהנ.ק9,1134030,,,,
הראל הנפק אגח י,הרהנ.ק10,1134048,,,,
הראל השקעות,הראל,585018,214228986,60%,07/05/2017,ללא שינוי
וואן טכנולוגיות,וואן,161018,6792316,45%,07/05/2017,ללא שינוי
וויטסמוק,וסמק,216010,72983055,60%,07/05/2017,ללא שינוי
וויי בוקס,ובקס,486027,136276657,45%,07/05/2017,ללא שינוי
וונטייז,ונטז,1138676,31410432,45%,07/05/2017,ללא שינוי
וורטון    אגח א,ורטנ.ק1,1140169,,,,
וילאר,ולאר,416016,17762630,20%,07/05/2017,ללא שינוי
וילאר     אגח ז,ולאר.ק7,4160149,,,,
וילי פוד,ולפוד,371013,13308903,45%,07/05/2017,ללא שינוי
ויקטורי,וקטר,1123777,12959011,35%,07/05/2017,ללא שינוי
ויתניה,ותנה,1109966,46523200,35%,07/05/2017,ללא שינוי
ויתניה    אגח ד,ותנה.ק4,1139476,,,,
זנלכל,זנכל,130013,14278007,10%,07/05/2017,ללא שינוי
חברה לישראל,חל,576017,7698467,60%,07/05/2017,ללא שינוי
חברה לישראלאגח7,חל.ק7,5760160,,,,
חברה לישראלאגח9,חל.ק9,5760202,,,,
חברהלישראלאגח10,חל.ק10,5760236,,,,
חברהלישראלאגח11,חל.ק11,5760244,,,,
חג'ג',חגג,823013,50215045,35%,07/05/2017,ללא שינוי
חד,חד,351015,12290500,25%,07/05/2017,ללא שינוי
חילן,חילן,1084698,22482677,80%,07/05/2017,ללא שינוי
חירון,חרון,150011,493835,10%,07/05/2017,ללא שינוי
חלל תקשורת,חלל,1092345,20616353,25%,07/05/2017,ללא שינוי
חמת,חמת,384016,31251328,45%,07/05/2017,ללא שינוי
חנל        יהש,חנל,243014,31542952,60%,07/05/2017,ללא שינוי
חנן מור,חנמר,1102532,12864506,20%,07/05/2017,ללא שינוי
חשמל     אגח 26,חשמל.ק26,6000202,,,,
חשמל     אגח 27,חשמל.ק27,6000210,,,,
חשמל     אגח 28,חשמל.ק28,6000228,,,,
חשמל     אגח 29,חשמל.ק29,6000236,,,,
טאואר,טאואר,1082379,95628475,100%,07/05/2017,ללא שינוי
טאואר     אגח ז,טאואר.ק7,1138494,,,,
טבע,טבע,629014,1014360883,100%,07/05/2017,ללא שינוי
טיב טעם,טטעמ,103010,104267472,60%,07/05/2017,ללא שינוי
טלדור,טלדר,477018,10943981,60%,07/05/2017,ללא שינוי
טלסיס,טלסיס,354019,6359165,60%,07/05/2017,ללא שינוי
יו.טי.אס  אגח ח,יוטס.ק8,4590147,,,,
יו.טי.אס אגח ט,יוטס.ק9,4590162,,,,
יואל,יואל,583013,17272360,60%,07/05/2017,ללא שינוי
יוניטרוניקס,יונט,1083831,13752312,25%,07/05/2017,ללא שינוי
יצוא,יצוא,704015,11290562,10%,07/05/2017,ללא שינוי
ירושלים,ירשם,726018,70517741,10%,07/05/2017,ללא שינוי
ירושליםהנפ אגחט,ירשהנ.ק9,1127422,,,,
ישפרו     אגח ב,ישפרו.ק2,7430069,,,,
ישראמקו     יהש,ישרמק,232017,12952285015,80%,07/05/2017,ללא שינוי
ישרס,ישרס,613034,5019686,20%,07/05/2017,ללא שינוי
ישרס     אגח טו,ישרס.ק15,6130207,,,,
ישרס     אגח יא,ישרס.ק11,6130165,,,,
ישרס     אגח יג,ישרס.ק13,6130181,,,,
ישרס     אגח יד,ישרס.ק14,6130199,,,,
כהן פיתוח,כהנפת,810010,6580600,35%,07/05/2017,ללא שינוי
כיטוב פארמה,כטוב,765016,164529696,100%,07/05/2017,ללא שינוי
כיל,כיל.,281014,1276389907,45%,07/05/2017,ללא שינוי
כיל       אגח ה,כיל.ק5,2810299,,,,
כלכלית ים אגח ו,כלכל.ק6,1980192,,,,
כלכלית ים אגח י,כלכל.ק10,1980317,,,,
כלכלית ים אגחיג,כלכל.ק13,1980366,,,,
כלכלית ים אגחיד,כלכל.ק14,1980390,,,,
כלכלית ירושלים,כלכל,198010,252327152,60%,07/05/2017,ללא שינוי
כלל ביוטכנו,כללבי,1104280,142161931,25%,07/05/2017,ללא שינוי
כלל עסקי ביטוח,כללבט,224014,55426181,45%,07/05/2017,ללא שינוי
כללביט    אגח ג,כללבט.ק3,1120120,,,,
כללביט    אגח ז,כללבט.ק7,1132950,,,,
כללביט    אגח ח,כללבט.ק8,1132968,,,,
כללביט    אגח ט,כללבט.ק9,1136050,,,,
כללביט    אגח י,כלבט.ק10,1136068,,,,
כן פייט ביופרמה,כנפב,1094473,33156728,100%,07/05/2017,ללא שינוי
כנפיים,כנפים,543017,16058025,35%,07/05/2017,ללא שינוי
כפרית,כפרת,522011,23691264,45%,07/05/2017,ללא שינוי
לאומי,לאומי,604611,1523488391,100%,07/05/2017,ללא שינוי
לאומי   אגח 177,לאמ.ק177,6040315,,,,
לאומי   אגח 178,לאמ.ק178,6040323,,,,
לאומי התח נד יד,לאמ.ק14,6040299,,,,
לאומי שה נד 200,לאמ.ק200,6040141,,,,
לאומי שה נד 201,לאמ.ק201,6040158,,,,
לאומי שה נד 300,לאמ.ק300,6040257,,,,
לאומי שה נד 301,לאמ.ק301,6040265,,,,
לודזיה,לודז,753012,4077114,10%,07/05/2017,ללא שינוי
לודן,לודן,1081439,11524676,80%,07/05/2017,ללא שינוי
לוזון קבוצה,לוזנ,473017,238078866,20%,07/05/2017,ללא שינוי
לוינשטין הנדסה,לשטן,573014,3650192,45%,07/05/2017,ללא שינוי
לוינשטין נכסים,לשנכ,1119080,13501750,25%,07/05/2017,ללא שינוי
לונשטן הנד אגחג,לשטן.ק3,5730080,,,,
ליבנטל,לבטל,584011,9965000,45%,07/05/2017,ללא שינוי
לידר השקעות,לידר,318014,469462973,20%,07/05/2017,ללא שינוי
לייבפרסון,לפסן,1123017,55578985,100%,07/05/2017,ללא שינוי
לייטסטון  אגח א,לטסט.ק1,1133891,,,,
לפידות,לפדת,642017,41145157,10%,07/05/2017,ללא שינוי
לפידות חלץ יהש,לפחל,1091248,70118393,45%,07/05/2017,ללא שינוי
מ.ק.מ 1017,מקמ1017,8171019,,,,
מ.ק.מ 1127,מקמ1127,8171126,,,,
מ.ק.מ 118,מקמ118,8180119,,,,
מ.ק.מ 1217,מקמ1217,8171217,,,,
מ.ק.מ 218,מקמ218,8180218,,,,
מ.ק.מ 318,מקמ318,8180317,,,,
מ.ק.מ 428,מקמ428,8180424,,,,
מ.ק.מ 518,מקמ518,8180515,,,,
מ.ק.מ 617,מקמ617,8170615,,,,
מ.ק.מ 717,מקמ717,8170714,,,,
מ.ק.מ 817,מקמ817,8170813,,,,
מ.ק.מ 917,מקמ917,8170912,,,,
מבטח שמיר,מבשמ,127019,9519696,60%,07/05/2017,ללא שינוי
מבני תעש  אגח ט,מבני.ק9,2260180,,,,
מבני תעש אגח טו,מבני.ק15,2260420,,,,
מבני תעש אגח יד,מבני.ק14,2260412,,,,
מבני תעש אגח יז,מבני.ק17,2260446,,,,
מבני תעש אגח יח,מבני.ק18,2260479,,,,
מבני תעש אגח יט,מבני.ק19,2260487,,,,
מבני תעשיה,מבני,226019,389841318,20%,07/05/2017,ללא שינוי
מגדל ביטוח,מגדל,1081165,1053908234,35%,07/05/2017,ללא שינוי
מגדל הון  אגח ג,מגדה.ק3,1135862,,,,
מגדל הון  אגח ד,מגדה.ק4,1137033,,,,
מגדל הון  אגח ה,מגדה.ק5,1139286,,,,
מגדלי תיכון,מגתכ,1131523,142506000,45%,07/05/2017,ללא שינוי
מגדלי תיכוןאגחב,מגתכ.ק2,1136803,,,,
מגה אור,מגאר,1104488,28504123,60%,07/05/2017,ללא שינוי
מגה אור   אגח ד,מגאר.ק4,1130632,,,,
מגה אור   אגח ה,מגאר.ק5,1132687,,,,
מגה אור   אגח ו,מגאר.ק6,1138668,,,,
מגוריט,מריט,1139195,233037247,45%,07/05/2017,ללא שינוי
מג'יק,מגיק,1082312,44132185,60%,07/05/2017,ללא שינוי
מדטכניקה,מדטכנ,253013,14394816,45%,07/05/2017,ללא שינוי
מדיפאואר,מדפר,1139955,32266481,20%,07/05/2017,ללא שינוי
מהדרין,מהדרן,686014,3324824,10%,07/05/2017,ללא שינוי
מודיעין   יהש,מדע,345017,5688145,100%,07/05/2017,ללא שינוי
מויניאן   אגח א,מנאן.ק1,1135656,,,,
מז טפ הנפק   35,מזהנ.ק35,2310118,,,,
מז טפ הנפק   37,מזהנ.ק37,2310134,,,,
מז טפ הנפק   38,מזהנ.ק38,2310142,,,,
מז טפ הנפק   39,מזהנ.ק39,2310159,,,,
מז טפ הנפק   40,מזהנ.ק40,2310167,,,,
מז טפ הנפק   41,מזהנ.ק41,2310175,,,,
מז טפ הנפק   42,מזהנ.ק42,2310183,,,,
מז טפ הנפק   43,מזהנ.ק43,2310191,,,,
מז טפ הנפק   44,מזהנ.ק44,2310209,,,,
מז טפ הנפק הת31,מזהנ.ק31,2310076,,,,
מזור רובוטיקה,מזור,1106855,48092933,80%,07/05/2017,ללא שינוי
מזרחי טפחות,מזטפ,695437,232289968,60%,07/05/2017,ללא שינוי
מטומי,מטומי,1131697,93565476,45%,07/05/2017,ללא שינוי
מטריקס,מטרקס,445015,61191141,60%,07/05/2017,ללא שינוי
מיחשוב ישר קב,מחשר,507012,3431621,20%,07/05/2017,ללא שינוי
מיטב דש,מטדש,1081843,67815646,45%,07/05/2017,ללא שינוי
מיטב דש אגח ג,מטדש.ק3,1121763,,,,
מיטרוניקס,מטרן,1091065,107663834,35%,18/04/2017,ללא שינוי
מיי סייז,מיסז,1094168,17405359,80%,07/05/2017,ללא שינוי
מיילן,מילן,1136704,491738923,100%,07/05/2017,ללא שינוי
מירלנד,מרלד,1108638,74990964,80%,07/05/2017,ללא שינוי
מישורים,מישר,1105196,30401519,25%,07/05/2017,ללא שינוי
מישורים   אגח ד,מישר.ק4,1132729,,,,
מליסרון,מלסרן,323014,44461776,45%,07/05/2017,ללא שינוי
מליסרון   אגח ה,מלסרן.ק5,3230091,,,,
מליסרון   אגח ו,מלסרן.ק6,3230125,,,,
מליסרון   אגח ז,מלסרן.ק7,3230141,,,,
מליסרון   אגח ח,מלסרן.ק8,3230166,,,,
מליסרון   אגח ט,מלסרן.ק9,3230174,,,,
מליסרון   אגח י,מלסר.ק10,3230190,,,,
מליסרון  אגח טו,מלסר.ק15,3230240,,,,
מליסרון  אגח טז,מלסר.ק16,3230265,,,,
מליסרון  אגח יא,מלסר.ק11,3230208,,,,
מליסרון  אגח יג,מלסר.ק13,3230224,,,,
מליסרון  אגח יד,מלסר.ק14,3230232,,,,
מלם תים,מלתם,156018,2171523,25%,07/05/2017,ללא שינוי
ממן,ממן,238014,41176472,10%,07/05/2017,ללא שינוי
ממן       אגח ב,ממן.ק2,2380046,,,,
ממשל משתנה 0520,מממש0520,1116193,,,,
ממשל משתנה 0817,מממש0817,1106970,,,,
ממשל משתנה 1121,מממש1121,1127646,,,,
ממשל צמודה 0418,ממצמ0418,1108927,,,,
ממשל צמודה 0527,ממצמ0527,1140847,,,,
ממשל צמודה 0536,ממצמ0536,1097708,,,,
ממשל צמודה 0545,ממצמ0545,1134865,,,,
ממשל צמודה 0841,ממצמ0841,1120583,,,,
ממשל צמודה 0922,ממצמ0922,1124056,,,,
ממשל צמודה 0923,ממצמ0923,1128081,,,,
ממשל צמודה 1019,ממצמ1019,1114750,,,,
ממשל צמודה 1020,ממצמ1020,1137181,,,,
ממשל צמודה 1025,ממצמ1025,1135912,,,,
ממשל שקלית 0118,ממשק0118,1126218,,,,
ממשל שקלית 0120,ממשק0120,1115773,,,,
ממשל שקלית 0122,ממשק0122,1123272,,,,
ממשל שקלית 0142,ממשק0142,1125400,,,,
ממשל שקלית 0219,ממשק0219,1110907,,,,
ממשל שקלית 0323,ממשק0323,1126747,,,,
ממשל שקלית 0324,ממשק0324,1130848,,,,
ממשל שקלית 0327,ממשק0327,1139344,,,,
ממשל שקלית 0347,ממשק0347,1140193,,,,
ממשל שקלית 0421,ממשק0421,1138130,,,,
ממשל שקלית 0519,ממשק0519,1131770,,,,
ממשל שקלית 0825,ממשק0825,1135557,,,,
ממשל שקלית 1017,ממשק1017,1132786,,,,
ממשל שקלית 1018,ממשק1018,1136548,,,,
ממשל שקלית 1026,ממשק1026,1099456,,,,
מנדלסוןתשת,מנתש,1129444,33432831,45%,07/05/2017,ללא שינוי
מנורה הון אגח א,מנמה.ק1,1103670,,,,
מנורה הון התח ד,מנמה.ק4,1135920,,,,
מנורה מב  אגח ג,ממהח.ק3,5660063,,,,
מנורה מב החז,ממהח,566018,63271931,45%,07/05/2017,ללא שינוי
מנקיינד,מנקד,1136639,96134307,80%,07/05/2017,ללא שינוי
מנרב,מנרב,155036,942576,45%,07/05/2017,ללא שינוי
מנרב      אגח א,מנרב.ק1,1550037,,,,
מנרב פרויקטים,מנפר,1140243,83872400,25%,07/05/2017,ללא שינוי
מעברות,מעבת,528018,9799183,45%,07/05/2017,ללא שינוי
מר,מר,338012,10860622,20%,07/05/2017,ללא שינוי
מרכנתיל הנ אגחב,מרכהנ.ק2,1138205,,,,
נאוי,נאוי,208017,32730484,60%,07/05/2017,ללא שינוי
נאוי      אגח ב,נאוי.ק2,2080166,,,,
נבידאה,נבדה,1136274,155470164,100%,07/05/2017,ללא שינוי
נובה,נובה,1084557,27351431,100%,07/05/2017,ללא שינוי
נובולוג,נבלג,1140151,350000000,45%,07/05/2017,ללא שינוי
נורסטאר,נסטר,723007,26053708,45%,07/05/2017,ללא שינוי
נורסטאר   אגח ח,נסטר.ק8,7230295,,,,
נורסטאר   אגח ט,נסטר.ק9,7230303,,,,
נורסטאר   אגח י,נסטר.ק10,7230345,,,,
נורסטאר  אגח יא,נסטר.ק11,7230352,,,,
נטו אחזקות,נטו,168013,3699256,45%,07/05/2017,ללא שינוי
נטו מלינדה,נטמל,1105097,20875754,10%,07/05/2017,ללא שינוי
נייס,נייס,273011,60046606,100%,07/05/2017,ללא שינוי
נייר חדרה,נייח,632018,6385031,45%,07/05/2017,ללא שינוי
נייר חדרה אגח 6,נייח.ק6,6320105,,,,
ניסן,ניסן,660019,9083524,45%,07/05/2017,ללא שינוי
נכסים ובנ אגח ד,נכסבנ.ק4,6990154,,,,
נכסים ובנ אגח ו,נכסבנ.ק6,6990188,,,,
נכסים ובנ אגח ז,נכסבנ.ק7,6990196,,,,
נכסים ובנ אגח ט,נכסבנ.ק9,6990212,,,,
נכסים ובנין,נכסבנ,699017,6297932,45%,07/05/2017,ללא שינוי
נמקו      אגח א,נמקו.ק1,1139575,,,,
ננו דיימנשן,ננדמ,751032,49787791,80%,07/05/2017,ללא שינוי
נפטא,נפטא,643015,97547214,45%,07/05/2017,ללא שינוי
נפטא חיפוש יהש,נפטאח,274019,43853229,20%,07/05/2017,ללא שינוי
נץ קבוצה,נץ,455014,215179548,20%,07/05/2017,ללא שינוי
נתנאל גרופ,נתגר,421016,21979566,20%,07/05/2017,ללא שינוי
סאות'רן   אגח א,סתרן.ק1,1140094,,,,
סאמיט,סמט,1081686,66618116,60%,07/05/2017,ללא שינוי
סאני תקשורת,סנתק,1082353,182807148,45%,07/05/2017,ללא שינוי
סאנפלאואר,סנפל,1098755,32951639,10%,07/05/2017,ללא שינוי
סאפיינס,ספנס,1087659,49035951,60%,07/05/2017,ללא שינוי
סודהסטרים,סודה,1121300,21775116,100%,07/05/2017,ללא שינוי
סוהו נדלן,סוהו,1094622,7855552,60%,07/05/2017,ללא שינוי
סומוטו,סמטו,1129451,71864652,60%,07/05/2017,ללא שינוי
סטרוברי   אגח א,סטרב.ק1,1136951,,,,
סייפ-טי גרופ,ספטי,1083856,16846533,60%,07/05/2017,ללא שינוי
סיירן,סירן,1083237,39121098,100%,07/05/2017,ללא שינוי
סינאל,סנאל,1084953,5659456,35%,07/05/2017,ללא שינוי
סלזיון,סלזי,1136811,3586626,100%,01/06/2017,-46626140
סלע נדלן,סלענד,1109644,140109288,100%,07/05/2017,ללא שינוי
סלע נדלן  אגח א,סלענד.ק1,1128586,,,,
סלע נדלן  אגח ב,סלענד.ק2,1132927,,,,
סלע נדלן  אגח ג,סלענד.ק3,1138973,,,,
סלקום,סלקם,1101534,100606203,60%,07/05/2017,ללא שינוי
סלקום     אגח ו,סלקם.ק6,1125996,,,,
סלקום     אגח ז,סלקם.ק7,1126002,,,,
סלקום     אגח ח,סלקם.ק8,1132828,,,,
סלקום     אגח ט,סלקם.ק9,1132836,,,,
סלקום    אגח יא,סלקם.ק11,1139252,,,,
סלקט ביו,סלקט,241018,107583485,45%,07/05/2017,ללא שינוי
סנו,סנו,813014,12288000,10%,07/05/2017,ללא שינוי
ספאנטק,ספנטק,1090117,66262182,35%,07/05/2017,ללא שינוי
ספנסר     אגח א,ספנר.ק1,1133800,,,,
ספנסר     אגח ב,ספנר.ק2,1139898,,,,
סקופ,סקופ,288019,10893872,60%,07/05/2017,ללא שינוי
סקייליין,סקלן,1131556,16736780,25%,07/05/2017,ללא שינוי
סרגון,סרנט,1085166,77937237,80%,07/05/2017,ללא שינוי
עזריאלי   אגח ב,עזרל.ק2,1134436,,,,
עזריאלי   אגח ג,עזרל.ק3,1136324,,,,
עזריאלי   אגח ד,עזרל.ק4,1138650,,,,
עזריאלי קבוצה,עזרל,1119478,121272760,35%,07/05/2017,ללא שינוי
על בד,עלבד,625012,10530744,45%,07/05/2017,ללא שינוי
עמיר שיווק,עמשק,1092204,12505125,20%,07/05/2017,ללא שינוי
ערד,ערד,731018,7705191,10%,07/05/2017,ללא שינוי
עשות,עשות,312017,23572394,10%,07/05/2017,ללא שינוי
פוטומדקס,פטמד,1126226,4144587,80%,07/05/2017,ללא שינוי
פוינטר,פנטר,1138189,7943294,80%,07/05/2017,ללא שינוי
פוליגון,פלגן,745018,5146818,60%,07/05/2017,ללא שינוי
פועל הנ שה נד 1,פעלהנ.ט1,1940444,,,,
פועלים,פעלים,662577,1334546463,80%,07/05/2017,ללא שינוי
פועלים איביאי,פאי,1084482,19939528,45%,07/05/2017,ללא שינוי
פועלים הנ אגח29,פעלה.ק29,1940485,,,,
פועלים הנ אגח30,פעלה.ק30,1940493,,,,
פועלים הנ אגח32,פעלה.ק32,1940535,,,,
פועלים הנ אגח33,פעלה.ק33,1940568,,,,
פועלים הנ אגח34,פעלה.ק34,1940576,,,,
פועלים הנ הת טו,פעלה.ק15,1940543,,,,
פועלים הנ הת טז,פעלה.ק16,1940550,,,,
פועלים הנ הת יא,פעלה.ק11,1940410,,,,
פועלים הנ הת יד,פעלה.ק14,1940501,,,,
פועלים הנפ הת י,פעלה.ק10,1940402,,,,
פוקס,פוקס,1087022,13476211,60%,07/05/2017,ללא שינוי
פורמולה מערכות,פרמלה,256016,14728782,60%,07/05/2017,ללא שינוי
פורסייט,פרסט,199018,81705799,60%,07/05/2017,ללא שינוי
פז נפט,פזנפט,1100007,10149754,100%,07/05/2017,ללא שינוי
פז נפט    אגח ג,פזנפט.ק3,1114073,,,,
פז נפט    אגח ד,פזנפט.ק4,1132505,,,,
פז נפט    אגח ה,פזנפט.ק5,1139534,,,,
פז נפט    אגח ו,פזנפט.ק6,1139542,,,,
פיבי,פיבי,763011,35452640,35%,07/05/2017,ללא שינוי
פייטון,פטון,412015,6800000,45%,07/05/2017,ללא שינוי
פיסיבי טכנ,פסבט,1091685,33056992,35%,07/05/2017,ללא שינוי
פלוריסטם,פלתר,1121730,95621033,100%,07/05/2017,ללא שינוי
פלסאון תעשיות,פלסון,1081603,9547955,35%,07/05/2017,ללא שינוי
פלסטו שק,פלשק,727016,30327155,10%,07/05/2017,ללא שינוי
פלרם,פלרם,644013,25725487,25%,07/05/2017,ללא שינוי
פמס,פמס,315010,9194936,35%,07/05/2017,ללא שינוי
פנינסולה,פננס,333013,133592845,35%,07/05/2017,ללא שינוי
פנינסולה  אגח א,פננס.ק1,3330073,,,,
פניקס הון אגח ב,פנהס.ק2,1120799,,,,
פניקס הון אגח ד,פנהס.ק4,1133529,,,,
פניקס הון אגח ה,פנהס.ק5,1135417,,,,
פניקס הון אגח ו,פנהס.ק6,1136696,,,,
פניקס הון אגח ח,פנהס.ק8,1139815,,,,
פרוטליקס,פלקס,1120609,123654975,100%,07/05/2017,ללא שינוי
פרוטרום,פרטרם,1081082,59324900,80%,07/05/2017,ללא שינוי
פרטנר,פרטנר,1083484,159182830,80%,07/05/2017,ללא שינוי
פרטנר     אגח ג,פרטנר.ק3,1118827,,,,
פרטנר     אגח ד,פרטנר.ק4,1118835,,,,
פריגו,פרגו,1130699,140565074,100%,07/05/2017,ללא שינוי
פרידנזון,פרדנ,1102219,1369807,25%,07/05/2017,ללא שינוי
פריון נטוורק,פריון,1095819,77109569,45%,07/05/2017,ללא שינוי
פריורטק,פרטק,328013,10874470,80%,07/05/2017,ללא שינוי
פרשקובסקי,פרשק,1102128,17259218,10%,07/05/2017,ללא שינוי
פתאל      אגח א,פתאר.ק1,1137512,,,,
צאם,צאם,342014,24994530,25%,07/05/2017,ללא שינוי
צור,צור,730010,63848489,25%,07/05/2017,ללא שינוי
צמח המרמן,צמח,1104058,18099464,60%,07/05/2017,ללא שינוי
צרפתי,צרפת,425017,13602603,10%,07/05/2017,ללא שינוי
קדימהסטם,קדסט,1128461,22756032,60%,07/05/2017,ללא שינוי
קו מנחה,קמנחה,271015,8845029,45%,07/05/2017,ללא שינוי
קווינקו,קנקו,386011,29549378,25%,07/05/2017,ללא שינוי
קולפלנט,קלפט,496018,128280864,100%,07/05/2017,ללא שינוי
קומפיוגן,קמפג,1085208,51131534,100%,07/05/2017,ללא שינוי
קופיקס גרופ,קפקס,389015,11653557,10%,07/05/2017,ללא שינוי
קופרליין  אגח א,קפלן.ק1,1136589,,,,
קופרליין  אגח ב,קפלן.ק2,1140177,,,,
קורנרסטון אגח א,קסנל.ק1,1139732,,,,
קיי.בי.אס אגח א,קבאס.ק1,1137918,,,,
קליין     אגח א,קלין.ק1,1136977,,,,
קליל,קליל,797035,2422899,45%,07/05/2017,ללא שינוי
קמהדע,קמדע,1094119,36418766,80%,07/05/2017,ללא שינוי
קמטק,קמטק,1095264,34794522,60%,07/05/2017,ללא שינוי
קנון,קנון,1134139,53742956,35%,07/05/2017,ללא שינוי
קסטרו,קסטרו,280016,5330545,35%,07/05/2017,ללא שינוי
קסניה,קסנה,1099571,38429086,60%,07/05/2017,ללא שינוי
קפיטל פוינט,קפטל,1097146,123047832,60%,07/05/2017,ללא שינוי
קרדן אן.וי.,קרנו,1087949,123022256,60%,07/05/2017,ללא שינוי
קרדן יזמות,קרית,1124478,162696183,10%,07/05/2017,ללא שינוי
קרדן ישראל,קריש,1210079,74197907,10%,07/05/2017,ללא שינוי
קרדן נדלן,קרנז,1118447,182780641,25%,07/05/2017,ללא שינוי
קרור,קרור,621011,12577534,45%,07/05/2017,ללא שינוי
קרסו,קרסו,1123850,68313811,20%,07/05/2017,ללא שינוי
קרסו      אגח א,קרסו.ק1,1136464,,,,
קרסו      אגח ב,קרסו.ק2,1139591,,,,
ראלקו,רלקו,393017,3963932,35%,07/05/2017,ללא שינוי
רבד,רבד,526012,26170805,25%,07/05/2017,ללא שינוי
רבוע נדלן,רבנד,1098565,11574878,60%,07/05/2017,ללא שינוי
רבוע נדלן אגח ד,רבנד.ק4,1119999,,,,
רבוע נדלן אגח ה,רבנד.ק5,1130467,,,,
רבל,רבל,1103878,77836316,45%,07/05/2017,ללא שינוי
רדהיל,רדהל,1122381,170581594,100%,07/05/2017,ללא שינוי
רוטשטיין,רשטן,539015,13301647,10%,07/05/2017,ללא שינוי
ריט 1,ריט1,1098920,164620232,100%,07/05/2017,ללא שינוי
ריט 1     אגח ג,ריט1.ק3,1120021,,,,
ריט 1     אגח ד,ריט1.ק4,1129899,,,,
רילייטד   אגח א,רלטד.ק1,1134923,,,,
רימוני,רמני,1080456,8095800,20%,07/05/2017,ללא שינוי
רכבת ישר  אגח א,רכבת.ק1,1134980,,,,
רכבת ישר  אגח ב,רכבת.ק2,1134998,,,,
רם און,רמאן,1090943,16796835,80%,07/05/2017,ללא שינוי
רמי לוי,רמלי,1104249,13478769,60%,07/05/2017,ללא שינוי
רפק,רפק,769026,13963075,35%,07/05/2017,ללא שינוי
רציו      יהש,רצו,394015,1044455710,80%,07/05/2017,ללא שינוי
רציו פטרול  יהש,רצפט,1139864,114682236,60%,07/05/2017,ללא שינוי
רקח,רקח,1081009,9708605,10%,07/05/2017,ללא שינוי
שגריר,שגרר,1138379,8141668,80%,07/05/2017,ללא שינוי
שוהם ביזנס,שוהם,1082007,23081493,45%,07/05/2017,ללא שינוי
שופרסל,שפרסל,777037,212316521,45%,07/05/2017,ללא שינוי
שופרסל    אגח ד,שפרסל.ק4,7770191,,,,
שופרסל    אגח ה,שפרסל.ק5,7770209,,,,
שופרסל    אגח ו,שפרסל.ק6,7770217,,,,
שטראוס,שטרס,746016,111458835,45%,07/05/2017,ללא שינוי
שטראוס    אגח ד,שטרס.ק4,7460363,,,,
שיכון ובינוי,שוב,1081942,405216690,60%,07/05/2017,ללא שינוי
שכון ובי אגח  6,שוב.ק6,1129733,,,,
שכון ובי אגח  7,שוב.ק7,1129741,,,,
שכון ובי אגח  8,שוב.ק8,1135888,,,,
שלאג,שלאג,1090547,36755000,45%,07/05/2017,ללא שינוי
שלמה החז אגח טו,שלהח.ק15,1410273,,,,
שלמה החז אגח טז,שלהח.ק16,1410281,,,,
שלמה החז אגח יד,שלהח.ק14,1410265,,,,
שמן תעשיות,שמןתע,634030,22188015,10%,07/05/2017,ללא שינוי
שניב,שניב,1080837,46782010,45%,07/05/2017,ללא שינוי
שנפ,שנפ,1103571,12694897,35%,07/05/2017,ללא שינוי
שפיר הנדס אגח א,שפהנ.ק1,1136134,,,,
שפיר הנדסה,שפהנ,1133875,350100000,25%,07/05/2017,ללא שינוי
שפע ימים,שפע,341016,45074662,80%,07/05/2017,ללא שינוי
תאת טכנו,תאתטכ,1082726,8828444,45%,07/05/2017,ללא שינוי
תדאה,תדאה,142018,5551901,60%,07/05/2017,ללא שינוי
תדיר גן,תדגן,1090141,317241010,20%,07/05/2017,ללא שינוי
תדיראן הולדינגס,תדראן,258012,8499723,25%,07/05/2017,ללא שינוי
תיא השקעות,תאהש,796011,2580000,60%,07/05/2017,ללא שינוי
תעוזה,תעוזה,290023,113939533,60%,07/05/2017,ללא שינוי
תעש אוירית אגחג,תעא.ק3,1127547,,,,
תעש אוירית אגחד,תעא.ק4,1133131,,,,
תפרון,תפרן,1082585,11970026,45%,07/05/2017,ללא שינוי
תראפיקס ביו,תרפס,1095140,138355614,100%,07/05/2017,ללא שינוי
